zipcode,house_sqft,lot_sqft,num_beds,num_baths,property_type,market_rate_per_sqft,price_usd
10001,1914,5286,4,1.5,1,1050,2075000
30316,1122,4535,5,1.0,1,195,285000
90045,1814,14731,2,3.0,1,620,1182000
90064,1026,5615,4,4.0,1,650,729000
10021,1881,8514,4,1.5,1,1450,2950000
85006,588,0,3,2.0,2,185,135000
77002,1322,12044,2,2.5,1,170,312000
85012,3708,6733,2,1.0,1,220,941000
77019,1953,4654,2,4.0,1,220,484000
85012,3745,7374,4,1.5,1,220,951000
10021,1747,0,3,1.0,2,1450,2423000
98101,3621,14274,5,2.0,1,680,2458000
60601,4147,3916,4,4.0,1,360,1592000
85001,3323,14762,2,1.5,1,195,753000
85001,3633,10517,5,2.5,1,195,845000
77006,3394,10019,4,3.5,1,195,795000
60607,3087,11085,3,1.5,1,355,1205000
97205,3787,9916,3,4.0,1,320,1332000
60611,2917,11669,5,3.0,1,420,1355000
94102,1812,0,1,2.0,2,780,1519000
85004,2858,3053,5,1.5,1,210,755000
98102,1780,0,1,1.0,2,710,1209000
98115,813,0,3,1.5,2,700,573000
77019,1500,0,1,2.0,2,220,336000
94103,4304,8038,4,4.0,1,750,3350000
60605,641,0,1,2.5,2,340,230000
77007,3702,10787,3,1.5,1,185,799000
30312,1604,0,2,1.5,2,200,323000
77007,1317,0,1,2.0,2,185,263000
78704,1007,0,2,1.0,2,390,394000
90064,3268,6770,2,3.0,1,650,2186000
77001,564,0,1,1.0,2,155,80000
85004,3740,10953,3,2.0,1,210,887000
60605,2937,9669,3,4.0,1,340,1136000
90035,2734,9735,5,2.0,1,680,1798000
10014,624,0,3,1.0,2,1300,841000
78701,892,0,1,1.5,2,380,341000
78703,1308,10260,5,1.5,1,420,696000
60601,4086,6872,2,1.0,1,360,1582000
90045,1276,0,1,1.5,2,620,832000
94102,1084,0,2,2.5,2,780,747000
60601,888,0,2,1.5,2,360,348000
98105,4013,11883,2,3.0,1,730,3166000
94110,3080,4312,3,1.0,1,720,2322000
90025,1963,9615,2,3.5,1,720,1634000
98101,1335,9868,2,3.0,1,680,1074000
10011,1836,13972,4,2.0,1,1100,2121000
78701,2295,4188,4,2.5,1,380,919000
94102,3202,6492,2,1.0,1,780,2476000
85006,1083,0,1,2.0,2,185,198000
90210,4305,13714,4,3.0,1,950,3858000
60601,2083,4891,2,1.5,1,360,793000
97202,1077,0,1,2.0,2,290,287000
90045,1014,0,2,2.5,2,620,606000
94110,2133,3722,5,4.0,1,720,1801000
10001,1629,0,1,2.5,2,1050,1716000
77001,1308,14321,2,1.0,1,155,305000
85012,1522,3685,3,2.5,1,220,391000
98115,1860,14174,2,2.0,1,700,1399000
77019,4069,5532,5,3.0,1,220,1026000
98101,550,0,1,2.5,2,680,398000
78702,1046,0,3,1.5,2,360,441000
90210,579,0,1,2.5,2,950,567000
78705,1096,13813,3,1.5,1,370,495000
90035,1284,7573,4,4.0,1,680,946000
10014,556,0,3,2.0,2,1300,786000
97205,1689,0,2,1.5,2,320,571000
97202,4221,8139,4,3.5,1,290,1319000
78703,1288,0,3,1.0,2,420,572000
94107,1245,0,1,1.5,2,800,967000
78703,2285,13868,4,3.0,1,420,1140000
98115,2648,14423,5,2.0,1,700,1842000
98105,3723,9211,3,2.5,1,730,2655000
60614,4414,3006,5,3.0,1,410,1695000
98115,3375,12939,5,4.0,1,700,2417000
78704,847,0,3,2.5,2,390,338000
10011,4352,6848,4,1.0,1,1100,4775000
90035,2946,13015,2,1.5,1,680,2015000
77019,3357,6185,5,3.5,1,220,843000
78701,4154,4746,2,4.0,1,380,1562000
77019,3850,11486,3,4.0,1,220,898000
97205,3175,12157,5,3.5,1,320,1170000
60611,4338,14784,5,3.0,1,420,2055000
60601,2944,10373,3,3.5,1,360,1123000
98102,1567,0,3,2.0,2,710,1085000
78704,2112,8502,4,1.5,1,390,921000
85001,808,0,1,1.5,2,195,153000
77001,2355,11890,5,2.5,1,155,526000
78705,2720,9381,3,4.0,1,370,1178000
10021,1024,8763,5,2.5,1,1450,1533000
98115,1499,0,2,1.5,2,700,1068000
94103,1676,10657,5,3.5,1,750,1467000
97210,1306,0,3,1.0,2,300,377000
97201,872,0,1,2.5,2,310,259000
94110,2862,8355,4,1.5,1,720,2021000
98103,667,0,2,2.0,2,690,519000
30301,1918,13651,2,2.0,1,210,553000
94107,541,0,1,1.5,2,800,454000
60614,3742,4874,3,2.5,1,410,1550000
10021,3481,12949,4,1.5,1,1450,5076000
77006,721,0,1,2.0,2,195,122000
60605,1964,0,2,2.5,2,340,638000
90035,3855,7941,3,1.0,1,680,2823000
97205,1211,0,3,1.0,2,320,376000
30316,3072,13609,4,1.0,1,195,672000
30306,4394,10532,4,3.5,1,240,1276000
77001,3137,13657,3,3.5,1,155,598000
30316,1997,0,2,2.5,2,195,446000
60607,1354,7569,3,4.0,1,355,595000
78705,1117,11098,5,2.0,1,370,521000
85001,4267,7232,3,2.0,1,195,858000
10021,1558,0,3,1.0,2,1450,2509000
90035,3274,6937,5,2.5,1,680,2264000
30306,2205,6630,2,1.0,1,240,545000
78701,1469,0,2,2.0,2,380,539000
77006,2858,7438,4,3.5,1,195,653000
98115,1788,8169,2,3.5,1,700,1404000
77007,1491,0,1,1.5,2,185,284000
98103,705,0,3,2.0,2,690,521000
85012,3187,5073,2,3.5,1,220,743000
98103,2196,14426,2,3.0,1,690,1743000
77007,2164,10690,2,3.0,1,185,479000
30301,2034,10827,3,1.0,1,210,522000
30306,1611,12221,2,1.5,1,240,477000
98115,3285,9818,3,1.0,1,700,2191000
90064,1406,0,2,2.5,2,650,868000
98115,1664,0,2,2.0,2,700,1105000
77006,1864,7335,3,3.5,1,195,436000
10011,3260,4229,3,1.5,1,1100,3773000
10021,1948,7720,4,1.0,1,1450,3056000
77001,3815,6824,5,1.0,1,155,742000
10001,1470,11922,3,2.5,1,1050,1572000
90064,646,0,2,1.5,2,650,467000
60611,1399,0,3,2.0,2,420,632000
97205,2648,7460,4,3.5,1,320,894000
97201,2320,12891,5,3.5,1,310,859000
98102,4424,12424,3,3.5,1,710,3222000
77007,858,0,2,1.0,2,185,160000
30301,1743,12590,5,2.0,1,210,455000
97201,2315,13979,5,2.0,1,310,881000
97202,1920,0,2,2.5,2,290,522000
78701,1431,0,3,1.0,2,380,559000
97201,4164,9622,4,1.0,1,310,1481000
94102,1346,0,3,2.5,2,780,988000
94110,4098,11167,4,3.0,1,720,2856000
90045,2794,14440,3,2.0,1,620,1718000
30306,1648,8091,3,3.5,1,240,463000
97201,1481,13612,2,2.5,1,310,547000
97214,3889,7479,4,3.0,1,285,1144000
30301,1780,12820,3,2.5,1,210,494000
30308,1065,0,1,1.0,2,225,234000
85004,505,0,3,2.0,2,210,116000
98105,804,0,3,2.5,2,730,575000
85004,2318,6090,5,2.5,1,210,602000
10021,4176,9730,5,1.5,1,1450,6744000
77001,1859,0,2,2.5,2,155,310000
10003,758,0,2,1.0,2,1200,839000
97202,1577,0,2,1.0,2,290,459000
78705,3681,5529,3,2.5,1,370,1567000
98102,1328,8383,5,3.5,1,710,1109000
10014,1783,0,2,2.0,2,1300,2282000
30316,3585,14213,2,1.5,1,195,722000
98105,1388,0,3,1.0,2,730,1129000
77001,1921,0,2,1.5,2,155,300000
98115,614,0,1,2.0,2,700,421000
97214,3792,5950,5,3.0,1,285,1249000
90210,3798,6945,5,3.0,1,950,3434000
90064,2045,13925,4,2.5,1,650,1454000
94102,1887,0,2,2.0,2,780,1449000
85006,1913,0,2,2.5,2,185,366000
98102,2575,10916,4,1.5,1,710,2016000
85006,4399,13784,4,1.0,1,185,955000
78701,4052,11138,2,3.0,1,380,1732000
77019,948,0,3,2.0,2,220,207000
10001,4094,14811,4,3.5,1,1050,4477000
97210,1132,0,3,1.0,2,300,323000
78704,1538,4476,4,3.5,1,390,721000
78702,3209,8994,3,4.0,1,360,1226000
30312,1673,7210,4,4.0,1,200,485000
98105,1459,0,2,1.0,2,730,988000
94117,3770,14865,3,4.0,1,810,3097000
60601,2083,11791,5,1.0,1,360,825000
97205,2560,13461,4,3.0,1,320,967000
90064,1906,13611,4,3.0,1,650,1352000
94117,1829,0,2,2.0,2,810,1451000
94107,1398,6846,5,1.0,1,800,1234000
30316,3746,14411,5,2.0,1,195,907000
77006,1502,0,2,1.0,2,195,289000
60614,3827,9070,4,1.0,1,410,1682000
98101,1615,0,1,2.0,2,680,1166000
10003,1777,5001,5,2.0,1,1200,2455000
97201,603,0,3,1.0,2,310,194000
85004,3312,6362,3,4.0,1,210,854000
90045,4171,5417,3,2.0,1,620,2770000
60611,3212,7106,3,1.5,1,420,1437000
94103,4229,6898,4,4.0,1,750,3192000
60607,1214,5076,3,2.0,1,355,502000
77006,2482,11408,5,4.0,1,195,586000
60607,1177,14915,3,3.0,1,355,548000
30312,2961,9580,2,1.0,1,200,593000
78703,650,0,2,2.5,2,420,299000
97214,3593,12590,4,3.0,1,285,1114000
60601,1429,0,2,2.0,2,360,492000
10021,2849,6743,3,2.5,1,1450,4205000
78702,2703,14953,5,2.5,1,360,1164000
10011,2942,4099,3,3.5,1,1100,3432000
97201,697,0,1,2.5,2,310,218000
97210,1500,9730,4,3.5,1,300,539000
85006,1089,0,2,1.0,2,185,194000
60605,2975,6674,3,3.5,1,340,1069000
97202,4123,7564,4,1.0,1,290,1166000
60601,1747,0,3,1.0,2,360,612000
10011,869,0,2,1.0,2,1100,944000
85004,1586,12278,3,4.0,1,210,484000
10011,3593,3502,3,3.5,1,1100,4275000
85016,2515,8105,4,1.5,1,240,720000
77002,1637,5579,2,1.0,1,170,333000
97201,3486,10242,5,2.5,1,310,1181000
78702,2760,4816,2,2.0,1,360,1034000
30306,1903,9475,4,1.0,1,240,591000
60611,1865,5248,3,2.0,1,420,860000
97205,1529,9229,5,1.5,1,320,574000
30316,647,0,3,2.0,2,195,138000
78703,2282,12433,2,4.0,1,420,1121000
78703,1471,9636,5,2.0,1,420,765000
60614,2788,4734,4,1.0,1,410,1226000
98101,1322,9484,5,3.0,1,680,1082000
90064,3090,13374,3,1.0,1,650,1961000
97205,2431,8752,3,4.0,1,320,869000
97214,1808,5842,3,2.0,1,285,534000
60611,4165,13288,2,1.5,1,420,1663000
77007,3569,8179,4,4.0,1,185,775000
97214,3586,7961,5,2.5,1,285,1157000
85006,2851,3616,4,2.5,1,185,569000
94110,3640,4479,4,1.0,1,720,2554000
78705,4317,12366,2,2.5,1,370,1615000
10003,1617,4013,5,3.0,1,1200,1838000
85004,580,0,1,1.5,2,210,120000
98101,1245,0,2,1.5,2,680,824000
78702,1792,0,3,1.0,2,360,682000
10003,3285,14114,4,1.0,1,1200,3918000
10011,1182,0,3,1.5,2,1100,1357000
97201,2270,13748,3,2.0,1,310,797000
60611,1644,0,1,2.0,2,420,649000
85016,1872,0,2,1.5,2,240,436000
10014,1541,0,1,2.5,2,1300,1727000
85012,1877,8598,4,1.5,1,220,534000
90064,1105,0,1,1.0,2,650,692000
97202,2379,13125,2,3.5,1,290,822000
90210,2792,3715,3,3.5,1,950,2845000
78702,3500,7668,3,2.5,1,360,1349000
90064,4212,10684,4,4.0,1,650,2573000
90035,4151,7616,5,2.5,1,680,2968000
78702,1012,0,1,1.5,2,360,333000
94110,1956,0,2,1.0,2,720,1504000
98105,2840,11410,3,2.0,1,730,1971000
97214,1423,0,1,1.5,2,285,442000
78702,2581,4337,4,1.5,1,360,921000
85012,4437,14709,4,1.0,1,220,1030000
97210,4404,5273,5,3.5,1,300,1317000
77007,662,0,2,1.0,2,185,130000
97214,4179,7720,5,1.0,1,285,1296000
98101,2719,13468,2,1.5,1,680,1972000
97205,1794,0,2,1.0,2,320,539000
30308,2758,3025,3,2.0,1,225,664000
78702,2477,4108,2,3.0,1,360,930000
30312,2925,3713,2,2.5,1,200,579000
98102,1206,0,2,1.0,2,710,749000
98101,1691,0,3,1.0,2,680,1158000
94107,3632,5868,4,4.0,1,800,2853000
77019,1793,0,3,2.5,2,220,426000
77001,1100,0,2,1.0,2,155,178000
90035,2292,8080,3,1.0,1,680,1355000
30316,3649,6131,2,4.0,1,195,780000
98105,3685,8438,2,4.0,1,730,2738000
78703,1291,0,3,2.5,2,420,626000
85004,1252,0,2,2.5,2,210,294000
97201,1733,0,1,2.5,2,310,521000
90025,1327,8372,4,1.0,1,720,1019000
60611,1219,0,1,2.5,2,420,492000
78704,2781,7498,4,3.0,1,390,1113000
94110,3101,14131,5,2.0,1,720,2183000
90210,571,0,1,2.5,2,950,561000
10003,1132,12913,5,3.0,1,1200,1537000
97214,1409,0,2,2.0,2,285,414000
30312,2141,7089,4,3.5,1,200,499000
97205,3120,9340,3,2.5,1,320,1117000
77019,3506,7678,5,1.5,1,220,862000
10021,751,0,2,1.5,2,1450,1112000
90025,1896,0,2,1.0,2,720,1391000
85001,1626,0,3,1.0,2,195,292000
90210,1240,0,3,1.5,2,950,1157000
30308,1568,6878,3,4.0,1,225,450000
60601,3259,5126,5,4.0,1,360,1270000
60614,1315,0,1,2.0,2,410,589000
30312,3354,4208,5,4.0,1,200,779000
97210,1421,0,3,1.0,2,300,410000
97210,764,0,3,1.5,2,300,251000
78703,1508,11488,2,4.0,1,420,748000
85001,1562,0,1,2.0,2,195,312000
98105,1800,0,2,1.5,2,730,1381000
10001,3625,5762,2,3.0,1,1050,3828000
60607,1849,0,1,1.5,2,355,590000
85004,558,0,3,1.0,2,210,120000
97201,1863,12373,4,3.5,1,310,660000
30306,1814,0,3,2.0,2,240,476000
98115,2857,4195,5,2.0,1,700,2066000
78702,3484,5353,3,2.0,1,360,1287000
85001,1316,0,2,2.0,2,195,277000
60601,1501,7382,3,2.5,1,360,649000
78704,2188,9293,2,1.0,1,390,958000
90210,888,0,3,2.0,2,950,826000
77007,2263,11148,5,2.5,1,185,603000
30308,3389,8781,3,1.5,1,225,862000
94110,4452,13719,5,3.0,1,720,3271000
94102,1041,0,2,1.5,2,780,783000
77002,1185,9563,5,2.0,1,170,330000
85012,3065,10378,2,2.5,1,220,776000
77007,1396,9453,2,1.5,1,185,300000
60601,1733,0,1,1.5,2,360,697000
30308,1159,5245,2,1.0,1,225,307000
30312,3511,8218,3,2.0,1,200,713000
90210,2377,11311,4,3.0,1,950,2454000
77001,1068,9035,5,4.0,1,155,283000
85004,1985,0,2,2.0,2,210,451000
60611,1210,12560,3,3.5,1,420,592000
30301,4365,14153,5,1.5,1,210,1049000
10021,2284,9861,2,2.5,1,1450,3654000
97214,3055,13018,3,2.5,1,285,1072000
77006,1562,0,3,1.5,2,195,305000
90045,2543,8140,5,3.0,1,620,1794000
30316,4162,14811,4,3.5,1,195,932000
10014,1749,0,3,2.0,2,1300,1955000
98103,4158,7735,3,2.0,1,690,2995000
77001,2965,8714,5,2.0,1,155,511000
77002,3771,11899,2,3.0,1,170,703000
85016,799,0,2,2.0,2,240,199000
77001,2050,10849,5,3.5,1,155,464000
90045,3851,7450,4,3.0,1,620,2618000
60607,3175,6697,2,3.5,1,355,1277000
10001,2352,14753,2,2.5,1,1050,2352000
97210,3674,10793,3,2.5,1,300,1219000
30301,1084,0,2,2.0,2,210,219000
97201,858,0,1,1.0,2,310,228000
78702,1313,0,1,1.0,2,360,467000
77006,518,0,2,1.0,2,195,99000
98115,2165,10444,2,2.0,1,700,1711000
30306,1058,0,1,2.5,2,240,255000
90035,1997,0,2,1.5,2,680,1303000
90025,2208,12302,4,4.0,1,720,1738000
10014,1375,0,1,2.5,2,1300,1744000
10011,2325,7064,3,2.5,1,1100,2635000
94102,4087,7374,3,2.5,1,780,3429000
77002,2472,14350,4,3.5,1,170,548000
98101,2256,5616,2,2.5,1,680,1510000
77001,1808,0,3,1.0,2,155,305000
98105,1547,10834,3,1.5,1,730,1285000
60611,3201,13880,5,4.0,1,420,1602000
90045,1576,0,3,1.0,2,620,905000
94117,1621,0,1,1.0,2,810,1343000
30308,2343,11525,3,1.5,1,225,577000
77001,2824,3911,2,3.0,1,155,516000
78705,3309,3945,5,2.5,1,370,1218000
98115,506,0,2,2.0,2,700,353000
77006,2735,8644,2,1.0,1,195,588000
94110,564,0,1,2.5,2,720,379000
98105,3627,14948,3,4.0,1,730,2675000
85016,1328,14185,5,2.5,1,240,440000
10011,742,0,1,2.0,2,1100,841000
30312,1014,3372,3,4.0,1,200,298000
98115,2553,6762,5,3.0,1,700,1900000
98103,4315,13816,2,1.0,1,690,3229000
78702,922,0,1,1.5,2,360,350000
78704,4033,3724,2,1.5,1,390,1676000
78701,4178,3924,3,4.0,1,380,1864000
90064,1682,0,3,2.0,2,650,1276000
60611,1118,0,2,1.5,2,420,534000
30312,1249,12121,4,2.0,1,200,332000
60607,1638,0,1,2.5,2,355,490000
10003,1926,0,3,2.0,2,1200,2343000
78702,1753,11813,4,2.5,1,360,674000
98115,618,0,1,2.5,2,700,443000
60601,3170,5196,5,3.0,1,360,1206000
85004,689,0,2,2.0,2,210,159000
30316,1049,0,1,1.0,2,195,183000
94107,1481,0,1,1.5,2,800,1246000
90045,531,0,2,2.0,2,620,342000
77006,3849,12902,5,1.5,1,195,903000
77001,2317,7637,3,3.0,1,155,430000
85006,3036,10635,4,3.0,1,185,705000
97202,1155,0,3,2.5,2,290,378000
78702,1597,3265,3,3.5,1,360,635000
98102,1624,6214,5,2.0,1,710,1221000
98101,4126,11005,4,2.0,1,680,3058000
77002,844,0,2,2.5,2,170,157000
97210,1610,0,2,1.5,2,300,462000
10003,652,0,3,1.0,2,1200,862000
77007,3583,6791,3,4.0,1,185,738000
94117,1535,0,1,1.5,2,810,1212000
10001,1850,0,3,2.5,2,1050,1980000
30306,1068,11673,5,1.0,1,240,368000
98105,1734,4753,5,4.0,1,730,1284000
97202,3538,11625,3,1.5,1,290,1120000
78701,3314,6984,5,2.5,1,380,1438000
10021,3661,3519,2,3.5,1,1450,5633000
60601,1701,4354,2,3.5,1,360,702000
30306,1658,0,3,2.0,2,240,484000
30312,1917,0,1,1.5,2,200,369000
60605,3803,7593,2,1.0,1,340,1436000
94107,1848,12617,4,1.0,1,800,1517000
97214,657,0,3,2.5,2,285,209000
60605,1286,0,2,2.0,2,340,479000
77007,1525,0,3,1.0,2,185,296000
97202,3478,13057,2,2.0,1,290,1045000
60611,3597,7478,4,1.0,1,420,1617000
90064,1760,14136,5,2.5,1,650,1207000
60607,1004,0,1,2.0,2,355,352000
97214,2595,8188,3,3.5,1,285,818000
85012,2821,8896,2,2.0,1,220,697000
97201,3272,11395,5,3.0,1,310,1116000
78702,3270,4524,2,2.0,1,360,1134000
85016,4191,4387,5,2.5,1,240,1043000
77002,1903,0,1,1.5,2,170,310000
98115,1684,10121,3,1.0,1,700,1290000
98103,1315,8916,5,4.0,1,690,1035000
10001,1438,5219,3,2.5,1,1050,1655000
98115,4447,13161,5,2.0,1,700,2971000
78704,2313,12883,3,2.0,1,390,1079000
10021,2631,8228,4,1.5,1,1450,3817000
30306,1270,0,1,2.0,2,240,330000
98103,733,0,2,2.0,2,690,534000
30316,2890,14605,2,3.5,1,195,665000
90045,3837,4133,4,4.0,1,620,2582000
78702,995,0,1,2.0,2,360,321000
98102,1272,0,3,2.5,2,710,1077000
30301,1150,8890,5,3.0,1,210,381000
10021,723,0,3,1.0,2,1450,1073000
85006,3642,14099,2,3.0,1,185,719000
10003,2763,4735,4,4.0,1,1200,3568000
30308,1412,0,3,1.5,2,225,337000
85012,1100,10909,3,2.0,1,220,350000
97201,2277,8620,3,2.0,1,310,819000
78705,1213,0,3,2.5,2,370,446000
10021,1183,14645,2,2.0,1,1450,1830000
97205,1447,14094,4,3.5,1,320,615000
77006,1655,8422,3,3.0,1,195,374000
60601,4267,9636,5,1.5,1,360,1606000
10011,3515,6232,2,3.5,1,1100,3835000
78704,3886,6519,5,1.0,1,390,1651000
94117,2335,6228,3,2.0,1,810,2151000
78705,3617,8134,5,3.0,1,370,1364000
60607,2875,13114,4,4.0,1,355,1105000
90025,1758,0,3,2.0,2,720,1192000
85001,1749,9116,4,1.0,1,195,417000
10021,3442,5258,5,2.5,1,1450,4812000
30306,1636,0,3,1.5,2,240,399000
90210,2288,10389,3,1.5,1,950,2072000
94102,2572,12200,3,4.0,1,780,1959000
30308,1351,0,2,2.5,2,225,313000
90210,4117,6613,2,4.0,1,950,3747000
98105,2182,5755,3,3.0,1,730,1700000
77019,1672,0,3,1.0,2,220,354000
97205,4369,3681,4,3.0,1,320,1490000
90045,1109,0,1,1.5,2,620,637000
94107,4345,4425,4,4.0,1,800,2955000
77019,1955,0,1,2.0,2,220,459000
60614,923,0,1,1.5,2,410,388000
60605,3206,5758,4,3.0,1,340,1076000
85001,1672,0,2,2.0,2,195,332000
10014,621,0,1,2.5,2,1300,904000
98103,1011,0,1,1.5,2,690,714000
98101,1502,0,3,2.5,2,680,1090000
97214,2696,9146,4,3.5,1,285,819000
77019,2511,10449,4,3.5,1,220,684000
30306,4170,4526,2,4.0,1,240,1067000
10011,946,0,1,2.5,2,1100,974000
78703,1161,0,2,2.0,2,420,510000
60605,2407,14182,5,4.0,1,340,928000
77007,4210,10529,2,3.5,1,185,980000
90210,1828,14281,2,2.5,1,950,1862000
97210,1061,0,2,1.5,2,300,339000
97201,2623,13249,3,1.0,1,310,936000
98115,1842,0,1,2.5,2,700,1320000
90045,1926,11510,3,3.0,1,620,1318000
10014,2407,4975,2,3.5,1,1300,3397000
97210,1365,14972,3,2.5,1,300,523000
97202,1561,9270,4,2.0,1,290,560000
97210,640,0,3,1.5,2,300,191000
30312,2438,14836,3,2.5,1,200,614000
78702,677,0,2,1.5,2,360,273000
97202,3990,9291,2,3.0,1,290,1198000
97210,3266,12846,2,1.5,1,300,1117000
60611,1848,0,2,1.0,2,420,801000
60611,3646,3894,5,2.0,1,420,1579000
98101,3046,13454,2,1.5,1,680,2035000
94102,1292,0,2,1.5,2,780,973000
60605,2929,4195,3,4.0,1,340,1103000
98102,2630,11300,2,4.0,1,710,1973000
98105,1367,0,3,2.5,2,730,1017000
30316,1342,8077,3,2.0,1,195,340000
97201,1636,11788,3,4.0,1,310,604000
77007,1135,0,3,1.0,2,185,239000
10021,2001,4412,3,1.0,1,1450,3040000
60614,744,0,2,1.5,2,410,307000
94102,835,0,3,1.0,2,780,629000
30312,841,0,3,2.0,2,200,190000
85012,1483,3480,4,3.5,1,220,406000
30312,2864,11368,2,2.5,1,200,694000
85012,1644,7179,3,2.0,1,220,449000
10014,590,0,1,1.0,2,1300,660000
94102,2568,5458,5,2.0,1,780,2233000
94107,2318,7067,5,1.5,1,800,2210000
78702,659,0,2,2.0,2,360,241000
10014,1556,0,1,1.5,2,1300,1990000
94107,1078,0,1,2.5,2,800,871000
97201,1821,7777,2,2.0,1,310,607000
60605,1450,0,3,1.5,2,340,458000
77019,808,0,3,1.5,2,220,217000
94102,1609,0,1,1.5,2,780,1167000
94102,1989,0,1,2.5,2,780,1700000
98115,3015,3981,3,2.5,1,700,2252000
98103,3128,9767,3,4.0,1,690,2253000
10021,1689,0,2,1.0,2,1450,2516000
78701,3713,5141,2,2.5,1,380,1501000
98101,2609,14480,4,4.0,1,680,1959000
78704,1557,12579,2,1.5,1,390,665000
97202,2908,8145,3,2.5,1,290,880000
77019,2085,4964,4,2.5,1,220,565000
97201,3886,14417,4,4.0,1,310,1302000
85001,2623,11412,3,2.0,1,195,596000
94110,563,0,2,1.5,2,720,457000
60601,1446,0,1,1.0,2,360,492000
97202,524,0,1,1.0,2,290,157000
90064,3811,13326,5,2.0,1,650,2704000
10003,1307,3357,4,4.0,1,1200,1724000
10003,4470,8432,3,1.0,1,1200,5438000
97205,1688,12402,5,1.0,1,320,610000
30306,2449,6517,5,1.5,1,240,709000
90025,1141,13061,5,1.5,1,720,919000
98105,1359,7583,5,1.0,1,730,1060000
85016,4265,11614,3,3.5,1,240,1135000
30316,1482,0,2,2.0,2,195,355000
30316,1295,0,2,2.0,2,195,262000
60611,4312,10728,4,1.0,1,420,1935000
30312,1410,7060,3,1.5,1,200,351000
77006,4467,9363,3,3.0,1,195,934000
85006,984,0,1,1.5,2,185,160000
10021,3869,8761,2,3.5,1,1450,5362000
60605,4319,11064,3,4.0,1,340,1528000
94107,1896,3326,3,3.0,1,800,1575000
30312,1825,5137,4,3.0,1,200,450000
85001,3886,5320,3,3.0,1,195,863000
77019,2530,14543,4,1.0,1,220,702000
97202,1645,14998,4,1.5,1,290,587000
78703,856,0,2,2.0,2,420,362000
60614,1274,0,1,1.5,2,410,478000
98115,863,0,2,1.5,2,700,598000
60605,3467,8213,2,1.5,1,340,1077000
60614,1576,8425,2,2.5,1,410,723000
85001,3903,13977,2,4.0,1,195,839000
10001,523,0,2,2.5,2,1050,561000
94117,1005,3788,2,3.5,1,810,918000
85016,2695,11078,5,1.5,1,240,790000
85016,3367,13665,5,4.0,1,240,924000
77007,650,0,1,2.5,2,185,123000
94103,2400,5787,2,1.0,1,750,1828000
85016,1381,8536,2,3.0,1,240,391000
30301,1743,0,2,1.5,2,210,355000
78703,1841,6112,2,2.0,1,420,788000
77002,1972,4571,4,2.0,1,170,431000
94110,1223,8911,5,1.5,1,720,1011000
10011,698,0,2,1.5,2,1100,774000
94103,2939,4892,4,1.0,1,750,2232000
30306,1814,0,2,1.0,2,240,462000
30316,2513,6056,4,2.5,1,195,561000
78705,1252,5476,4,3.0,1,370,564000
77007,1868,0,1,1.0,2,185,321000
77007,2585,11561,2,4.0,1,185,610000
78702,1672,0,3,2.5,2,360,658000
97201,3339,11467,2,3.0,1,310,1081000
60605,746,0,3,1.5,2,340,287000
90210,587,0,1,1.5,2,950,540000
78703,4369,13276,5,1.5,1,420,2049000
85001,1294,0,1,1.0,2,195,259000
60601,2131,11514,4,4.0,1,360,803000
10021,730,0,3,2.5,2,1450,1118000
78702,3304,4654,2,1.0,1,360,1272000
85006,1841,0,2,2.5,2,185,315000
30306,1705,7512,5,1.0,1,240,479000
10014,1178,0,1,2.5,2,1300,1606000
10021,2525,3331,5,2.0,1,1450,3546000
98115,3851,14220,5,4.0,1,700,3089000
97202,1115,0,1,1.5,2,290,338000
85001,3644,4462,5,3.0,1,195,805000
90035,2984,11462,5,3.5,1,680,2315000
30308,1953,0,1,2.0,2,225,401000
30308,1789,6288,2,1.5,1,225,473000
78705,1815,7488,4,3.5,1,370,751000
85012,1801,0,3,2.5,2,220,454000
98101,2943,12615,5,1.5,1,680,2039000
60601,2059,14286,3,4.0,1,360,875000
94110,1906,13606,3,4.0,1,720,1505000
90064,1551,0,2,2.5,2,650,1127000
77019,1825,0,2,1.5,2,220,413000
90025,1016,0,1,1.5,2,720,644000
77001,1367,0,3,2.0,2,155,215000
85016,946,0,2,2.0,2,240,217000
60614,3095,13852,2,1.0,1,410,1380000
85012,3803,4771,4,2.0,1,220,875000
98103,1843,0,2,2.0,2,690,1290000
77001,885,0,3,2.0,2,155,167000
94110,1852,0,3,2.5,2,720,1470000
85001,1842,0,3,1.0,2,195,355000
78702,3900,12372,2,3.0,1,360,1503000
90035,3189,13458,3,3.5,1,680,2348000
10011,1696,13774,4,4.0,1,1100,1763000
60601,1524,7237,2,2.5,1,360,615000
90025,955,0,2,1.0,2,720,637000
85006,4228,8428,4,2.5,1,185,841000
78705,1799,0,2,1.0,2,370,706000
60607,1796,11199,2,2.5,1,355,769000
30312,4498,5470,2,4.0,1,200,1033000
97210,1666,0,2,2.5,2,300,583000
97214,1331,10988,3,4.0,1,285,450000
85004,1799,0,1,2.0,2,210,399000
90045,1502,0,1,1.5,2,620,947000
77007,1797,0,1,2.5,2,185,315000
30301,1816,14971,2,3.0,1,210,500000
85012,536,0,2,1.5,2,220,120000
98101,1528,4682,4,2.0,1,680,1043000
85016,1267,3749,4,1.5,1,240,375000
77002,3813,5192,4,2.5,1,170,768000
85004,885,0,2,2.0,2,210,208000
78701,1537,6460,3,3.5,1,380,740000
77002,2501,14650,3,1.0,1,170,524000
10001,1196,13845,2,3.0,1,1050,1342000
97202,1912,0,1,1.0,2,290,571000
97205,1627,6366,5,3.5,1,320,657000
10021,1361,0,1,2.0,2,1450,1879000
98103,1357,0,3,1.5,2,690,884000
97202,1466,4741,2,2.0,1,290,449000
77019,3881,9713,3,2.0,1,220,946000
98105,3818,10875,5,1.5,1,730,2897000
10011,3351,13961,2,4.0,1,1100,3812000
30306,3095,4229,2,4.0,1,240,812000
98102,1040,0,2,2.0,2,710,728000
78705,1161,7760,3,4.0,1,370,504000
78703,519,0,1,1.0,2,420,223000
97210,1232,0,1,2.0,2,300,411000
98103,1201,0,1,2.0,2,690,750000
90025,2113,9319,5,2.5,1,720,1600000
78702,771,0,1,1.0,2,360,250000
10021,1352,0,1,1.0,2,1450,2065000
60605,1234,0,1,2.5,2,340,406000
60614,2999,4850,3,2.5,1,410,1365000
94117,3885,14107,4,1.0,1,810,3127000
30312,1871,0,3,1.5,2,200,411000
10021,1855,0,1,2.5,2,1450,2552000
77002,3770,13508,4,3.5,1,170,716000
60601,523,0,3,1.0,2,360,217000
10003,1515,0,3,2.5,2,1200,1873000
30306,1206,11305,4,2.0,1,240,394000
90064,4346,6850,5,2.5,1,650,3094000
60605,2294,4944,5,2.5,1,340,904000
30306,1326,0,1,1.0,2,240,287000
94102,1541,0,3,2.0,2,780,1272000
60601,2488,3889,5,2.0,1,360,1029000
85004,3691,8952,5,3.5,1,210,817000
77001,3698,6633,2,4.0,1,155,688000
10001,1937,0,2,2.0,2,1050,2045000
97202,1575,14744,3,2.5,1,290,570000
98102,1304,0,1,1.0,2,710,859000
90045,2384,4765,3,3.5,1,620,1562000
10001,1422,0,3,1.0,2,1050,1479000
78705,1521,0,3,1.5,2,370,636000
60601,1541,0,3,2.5,2,360,582000
77019,1996,0,1,1.5,2,220,438000
10011,1357,0,2,2.5,2,1100,1468000
60611,1314,0,1,2.0,2,420,635000
78704,1733,0,1,2.5,2,390,653000
10021,1936,0,3,2.0,2,1450,2690000
77006,911,0,3,1.5,2,195,193000
90045,1877,0,2,2.0,2,620,1248000
90025,1472,8771,4,3.5,1,720,1245000
60601,4063,11747,5,3.5,1,360,1560000
94102,1595,3869,2,2.5,1,780,1445000
10011,4217,5636,4,4.0,1,1100,5161000
97214,917,0,3,2.0,2,285,281000
77007,2853,4679,4,4.0,1,185,591000
60601,986,0,3,2.5,2,360,360000
30308,1919,0,3,2.0,2,225,423000
85016,1220,3212,4,3.0,1,240,343000
77006,1923,13383,5,4.0,1,195,511000
77007,3969,6170,3,4.0,1,185,766000
98105,1711,11418,2,1.5,1,730,1346000
98103,3392,7178,3,1.5,1,690,2445000
94102,1629,8285,3,1.0,1,780,1240000
10001,1504,0,3,2.0,2,1050,1508000
60605,3898,8207,2,4.0,1,340,1217000
30312,3224,11798,3,2.5,1,200,733000
78701,3717,8437,3,1.5,1,380,1460000
77007,734,0,2,1.0,2,185,144000
10011,3513,13176,3,3.5,1,1100,3984000
85001,2050,11851,2,2.5,1,195,498000
77002,4288,11335,4,3.0,1,170,834000
10003,1685,11814,2,1.0,1,1200,2113000
30316,3745,13313,2,1.5,1,195,832000
78703,1824,0,1,2.5,2,420,677000
94117,1440,0,1,1.0,2,810,1152000
94117,1288,12420,4,3.0,1,810,1148000
90064,1423,0,2,2.5,2,650,899000
94103,1024,13509,2,3.0,1,750,834000
77002,1935,0,3,1.0,2,170,354000
30308,1354,7612,4,3.0,1,225,393000
77007,1853,0,2,2.5,2,185,369000
90064,4266,11941,5,4.0,1,650,2931000
98105,1887,0,1,2.0,2,730,1538000
77002,752,0,1,1.5,2,170,109000
94107,3242,4394,5,3.0,1,800,2608000
77002,4487,11397,5,3.5,1,170,968000
97214,4419,7140,3,3.0,1,285,1364000
60605,1820,0,3,2.5,2,340,667000
60601,1402,6234,2,2.0,1,360,564000
85004,2167,13150,3,1.0,1,210,520000
94117,1422,0,2,2.5,2,810,1118000
10021,2295,10017,4,4.0,1,1450,3706000
90210,1907,14668,3,4.0,1,950,1931000
85012,2895,10296,4,2.5,1,220,705000
85006,859,0,2,1.0,2,185,159000
98103,1039,0,1,1.5,2,690,697000
77002,538,0,1,1.0,2,170,86000
60607,3259,7269,3,1.0,1,355,1151000
30316,1839,0,3,2.5,2,195,388000
90064,774,0,3,2.0,2,650,497000
78705,2490,11227,2,2.5,1,370,1051000
60614,1413,0,3,1.5,2,410,599000
90210,3998,10921,3,3.5,1,950,3967000
77007,2513,6834,2,2.0,1,185,529000
94107,1294,0,3,2.0,2,800,990000
94107,3882,11542,4,1.0,1,800,3247000
10001,1685,0,3,2.0,2,1050,1728000
10003,2030,9165,2,3.0,1,1200,2496000
90064,2413,10976,4,4.0,1,650,1744000
94102,1678,6768,3,2.5,1,780,1234000
94117,1615,6062,4,1.5,1,810,1451000
97205,1975,0,2,2.0,2,320,685000
97205,1863,12679,5,2.5,1,320,763000
94103,3426,5639,3,3.0,1,750,2900000
97210,614,0,1,1.5,2,300,191000
30312,1973,0,3,1.0,2,200,455000
77002,943,0,2,1.0,2,170,134000
30301,1584,12546,5,3.0,1,210,486000
77019,3966,14232,4,1.5,1,220,958000
60607,1541,4778,5,2.5,1,355,676000
94103,1612,12920,5,4.0,1,750,1420000
60614,2975,13803,2,1.0,1,410,1354000
97210,1889,0,3,1.0,2,300,556000
85012,969,0,3,2.5,2,220,227000
30301,1706,0,2,2.0,2,210,384000
10021,2042,10817,5,1.5,1,1450,2711000
77019,3450,11908,2,2.0,1,220,822000
77001,1564,0,1,1.0,2,155,238000
94102,4294,8175,3,3.5,1,780,3366000
78703,1597,0,2,2.0,2,420,691000
78703,2627,6337,4,3.5,1,420,1106000
30301,2256,12464,5,2.0,1,210,625000
85006,1850,0,2,1.5,2,185,359000
10021,1541,0,1,1.5,2,1450,2294000
78701,829,0,3,1.0,2,380,308000
97201,680,0,2,2.5,2,310,236000
94117,3494,3618,4,1.0,1,810,2838000
78701,1957,0,3,2.0,2,380,664000
60611,3024,10192,3,3.5,1,420,1523000
30312,3455,11364,2,4.0,1,200,798000
30312,1880,0,3,1.5,2,200,410000
94102,1318,0,1,2.0,2,780,1036000
85006,1560,0,2,1.5,2,185,321000
97201,4340,7530,4,2.0,1,310,1452000
90064,1327,0,1,2.5,2,650,829000
78702,2205,8570,2,3.0,1,360,859000
97205,1921,0,2,2.0,2,320,591000
30301,1895,0,2,2.5,2,210,420000
78705,738,0,1,2.5,2,370,274000
90064,1344,0,1,2.0,2,650,923000
85006,4408,7314,2,3.5,1,185,897000
10014,1635,0,2,1.0,2,1300,2184000
90025,3349,7408,4,1.5,1,720,2599000
90035,4012,6965,3,1.5,1,680,3051000
98102,2022,13135,3,4.0,1,710,1464000
97205,1757,0,3,2.5,2,320,634000
94102,1487,0,3,1.0,2,780,1132000
60605,1546,0,2,1.5,2,340,552000
98103,3153,9933,3,1.0,1,690,2098000
30308,1493,14440,3,2.5,1,225,453000
30312,3761,6452,2,1.0,1,200,795000
85012,1623,0,2,1.5,2,220,370000
98102,2405,8995,5,3.0,1,710,1871000
78702,1320,0,2,2.0,2,360,513000
98103,3809,6744,3,3.0,1,690,2814000
98101,1597,5450,5,1.5,1,680,1084000
30301,1523,0,1,2.5,2,210,349000
10001,2993,7915,4,4.0,1,1050,3553000
98102,1405,14313,2,2.5,1,710,1120000
98102,4049,8483,2,2.5,1,710,3056000
98102,1081,9746,4,2.0,1,710,937000
60611,2165,8818,3,4.0,1,420,1088000
85001,660,0,2,2.5,2,195,138000
10001,1363,0,1,2.0,2,1050,1477000
10001,662,0,2,1.0,2,1050,713000
85001,1739,0,3,2.0,2,195,374000
10003,2487,12616,5,4.0,1,1200,2933000
90210,3980,6844,2,1.5,1,950,3812000
10011,1683,9505,2,1.5,1,1100,1957000
30301,2626,11584,2,4.0,1,210,661000
77007,1765,0,1,2.0,2,185,341000
85016,2163,10260,3,3.5,1,240,662000
10001,1143,13871,3,1.0,1,1050,1200000
30301,2822,5213,4,3.0,1,210,747000
10021,4067,13417,5,3.5,1,1450,6310000
10001,1486,0,2,2.0,2,1050,1501000
30316,2261,8992,2,2.5,1,195,508000
94102,2174,10687,3,2.0,1,780,1821000
30316,2954,7908,5,4.0,1,195,736000
98105,2530,6089,2,3.0,1,730,1926000
78702,1011,0,2,2.5,2,360,396000
85016,662,0,1,2.0,2,240,170000
78703,1083,0,3,2.0,2,420,457000
98103,1559,7744,2,1.5,1,690,1079000
97205,1057,0,3,2.5,2,320,357000
85001,1090,6046,2,3.0,1,195,271000
97202,2795,14912,3,3.5,1,290,955000
94102,2276,11165,4,2.5,1,780,1890000
85012,1328,5393,2,2.0,1,220,382000
94117,4446,7097,3,1.5,1,810,3806000
85016,1288,0,1,1.5,2,240,306000
77006,692,0,1,2.5,2,195,128000
30312,1296,0,1,2.5,2,200,256000
85001,3251,11534,2,3.5,1,195,702000
97205,2476,3853,4,1.5,1,320,890000
97205,1061,5742,5,2.0,1,320,428000
98103,1995,3146,5,4.0,1,690,1588000
10021,4157,4466,3,2.0,1,1450,6005000
98101,3533,8544,2,3.5,1,680,2934000
10001,1630,14490,4,3.5,1,1050,1698000
30316,976,0,1,2.5,2,195,186000
10003,543,0,2,1.5,2,1200,703000
10021,1161,10951,3,2.0,1,1450,1744000
30316,1613,0,1,1.5,2,195,285000
85006,4405,12808,5,2.0,1,185,996000
94117,4356,7314,5,2.0,1,810,3496000
30316,3613,11289,2,4.0,1,195,786000
94103,1156,0,2,1.5,2,750,896000
77002,3146,14193,5,1.5,1,170,623000
60614,2319,4809,5,3.5,1,410,1059000
97202,4420,5126,2,1.0,1,290,1343000
97202,3338,13514,2,1.0,1,290,1067000
85016,600,0,3,2.0,2,240,158000
94117,3012,4310,3,3.5,1,810,2670000
78705,1642,0,1,2.0,2,370,602000
85012,1583,0,1,2.0,2,220,302000
94107,942,0,2,1.0,2,800,775000
77002,1791,11621,5,1.5,1,170,421000
10011,4068,12144,3,3.0,1,1100,4474000
10001,3724,9997,5,3.5,1,1050,4094000
97202,2644,11268,3,3.0,1,290,858000
60611,3253,8319,4,2.0,1,420,1505000
85012,3973,8299,5,4.0,1,220,947000
90045,2853,10331,4,2.0,1,620,1788000
78701,3440,3267,2,2.0,1,380,1113000
98115,2289,3355,3,1.5,1,700,1630000
77019,1633,0,3,2.0,2,220,353000
60605,2456,5557,2,2.5,1,340,897000
97210,2049,7920,3,1.5,1,300,726000
90045,1488,0,3,2.0,2,620,975000
90025,3630,7921,2,3.0,1,720,2971000
85016,2369,8700,2,4.0,1,240,674000
78703,4155,6714,2,4.0,1,420,1825000
94102,610,0,3,2.5,2,780,446000
98115,3313,5450,4,3.0,1,700,2313000
97214,4083,12750,5,2.5,1,285,1390000
60605,2186,9460,3,2.5,1,340,861000
30301,2635,7301,2,3.0,1,210,655000
97201,3858,5136,5,4.0,1,310,1315000
90035,3523,11589,3,3.0,1,680,2338000
98101,2761,8298,4,4.0,1,680,1932000
97205,1213,0,2,2.0,2,320,370000
90035,2248,5773,2,4.0,1,680,1734000
78704,978,0,2,1.0,2,390,381000
90035,730,0,1,1.0,2,680,485000
60614,1203,0,2,1.0,2,410,473000
10021,1464,0,2,2.5,2,1450,2223000
30316,2978,13207,4,3.0,1,195,709000
77002,1271,0,3,1.0,2,170,213000
94107,1822,14411,2,2.0,1,800,1491000
60614,1034,4091,5,3.5,1,410,513000
10011,2198,13639,2,1.0,1,1100,2579000
85016,3906,4631,5,3.0,1,240,1093000
60611,3050,10503,3,1.5,1,420,1321000
60601,1006,0,1,1.0,2,360,369000
30306,2420,14211,3,1.0,1,240,668000
85006,3053,7519,4,1.5,1,185,673000
85016,961,0,1,2.0,2,240,211000
97214,1562,4438,5,3.5,1,285,547000
10014,1354,0,3,1.5,2,1300,1651000
98101,3479,8395,5,2.0,1,680,2404000
10003,1565,8062,3,4.0,1,1200,1997000
10021,1380,0,3,1.5,2,1450,2346000
97214,1150,0,3,1.5,2,285,344000
94117,2300,5384,2,1.5,1,810,1893000
78702,1804,0,2,2.5,2,360,598000
77006,1538,6026,3,1.0,1,195,420000
60614,1951,6783,3,3.0,1,410,910000
10014,4194,10808,2,3.5,1,1300,5969000
30301,1293,0,2,1.5,2,210,301000
30306,1926,3528,3,1.5,1,240,463000
98103,918,0,1,1.5,2,690,682000
94117,3527,11027,5,4.0,1,810,2862000
98101,4011,9232,2,3.0,1,680,2509000
77002,1447,10399,2,3.0,1,170,306000
98101,1160,12137,5,3.5,1,680,951000
85016,2192,10201,2,1.5,1,240,581000
98105,3511,3893,5,2.0,1,730,2733000
10021,4399,13585,3,2.5,1,1450,5904000
97205,2693,8299,3,2.5,1,320,976000
78704,3918,6308,5,3.0,1,390,1667000
85001,1971,0,3,1.5,2,195,396000
77002,2840,13388,2,3.5,1,170,565000
85016,1275,0,3,1.5,2,240,341000
60601,3316,13805,3,2.0,1,360,1329000
97214,2261,8071,2,2.5,1,285,703000
77002,1782,0,2,2.0,2,170,329000
90035,2878,11153,4,1.0,1,680,2285000
30306,3021,6897,2,3.0,1,240,814000
78705,3458,3107,2,3.0,1,370,1450000
98101,600,0,2,1.5,2,680,417000
85006,3367,12884,2,3.5,1,185,738000
98115,1446,9831,2,1.0,1,700,1120000
98105,1432,0,3,1.5,2,730,1062000
77006,4147,7903,2,1.0,1,195,827000
94117,1099,0,3,1.0,2,810,1006000
30301,3158,9779,4,2.0,1,210,706000
60614,3965,14282,2,2.5,1,410,1704000
60611,1374,0,3,2.0,2,420,576000
30312,3516,12218,4,1.5,1,200,789000
30306,4309,5947,5,2.5,1,240,1172000
98105,549,0,1,1.0,2,730,379000
78705,1760,0,1,1.5,2,370,686000
85004,3623,6296,3,1.0,1,210,830000
10021,2229,11301,2,2.0,1,1450,3002000
97205,1983,0,2,2.5,2,320,628000
60605,897,0,1,1.5,2,340,291000
10014,1145,13578,5,4.0,1,1300,1706000
97210,3199,8490,5,4.0,1,300,983000
77006,3969,14111,4,3.0,1,195,922000
85001,3365,14231,2,1.5,1,195,706000
85006,4443,3510,3,2.0,1,185,984000
85004,1669,0,3,1.5,2,210,358000
97205,1953,0,2,2.0,2,320,620000
94107,1973,9088,2,2.5,1,800,1437000
90045,2532,3612,3,1.0,1,620,1697000
77019,3072,3408,2,2.5,1,220,760000
97214,3144,8084,5,3.5,1,285,905000
77019,3114,14087,2,4.0,1,220,825000
94107,2273,3721,2,1.0,1,800,1862000
10014,1456,0,1,2.0,2,1300,1931000
77019,1682,0,2,1.0,2,220,365000
77007,1821,6154,3,2.0,1,185,408000
77019,1611,5580,2,2.0,1,220,442000
98103,3222,8739,2,1.5,1,690,2193000
77001,850,0,3,1.5,2,155,148000
94117,2817,3831,4,3.0,1,810,2475000
10014,1352,9987,5,1.0,1,1300,1952000
78701,2456,8119,5,3.0,1,380,1031000
77007,1453,0,3,1.0,2,185,292000
60605,2866,8085,5,1.0,1,340,1038000
78705,3526,7227,3,1.5,1,370,1269000
85012,2330,10426,4,4.0,1,220,623000
97205,1699,7624,5,4.0,1,320,667000
77019,1421,9646,3,3.0,1,220,425000
85001,2237,11728,2,4.0,1,195,497000
78705,3543,6992,5,1.5,1,370,1208000
85016,3842,12682,3,4.0,1,240,996000
78703,1615,0,2,2.0,2,420,680000
10011,3425,12766,5,1.0,1,1100,3756000
78705,2823,5886,2,4.0,1,370,1101000
60611,3024,13567,5,2.0,1,420,1473000
10011,1569,12515,3,4.0,1,1100,1965000
94102,1427,0,3,1.5,2,780,1077000
30316,1842,14165,5,1.5,1,195,501000
10014,2410,4462,5,3.5,1,1300,3128000
60607,1522,7819,5,4.0,1,355,728000
94110,2155,3510,4,1.0,1,720,1698000
98101,2303,14661,5,3.5,1,680,1644000
30316,1569,6083,3,2.5,1,195,398000
60601,2708,5527,4,4.0,1,360,1049000
97210,1064,5359,2,3.5,1,300,430000
77002,778,0,3,2.5,2,170,168000
78702,1776,0,3,2.5,2,360,693000
90025,4359,10373,5,3.0,1,720,3163000
78703,1996,0,3,2.5,2,420,888000
